Date,Iron_Ore_Price_USD_per_tonne,Steel_Production_Index,Demand_Index,Supply_Index,Freight_Cost_USD_per_tonne,Oil_Price_USD_per_barrel,USD_CNY_Exchange_Rate
2025-01-01,115.68,100.75,105.03,106.88,17.94,80.52,7.161
2025-01-02,123.28,100.21,106.66,104.9,18.26,78.63,7.1255
2025-01-03,126.3,101.81,106.6,107.51,16.79,80.94,7.1909
2025-01-04,119.73,103.53,107.13,103.8,19.32,79.91,7.1559
2025-01-05,121.85,101.3,105.73,108.77,19.05,80.7,7.1616
2025-01-06,121.23,101.7,107.65,107.8,19.76,83.28,7.1816
2025-01-07,123.8,104.81,108.9,107.41,16.82,85.67,7.1725
2025-01-08,125.76,103.97,111.1,108.7,20.98,83.33,7.1932
2025-01-09,121.42,102.48,110.4,109.87,19.36,80.35,7.1792
2025-01-10,128.01,104.34,113.05,108.62,20.51,83.81,7.1594
2025-01-11,129.91,103.16,107.45,103.38,18.94,85.49,7.1864
2025-01-12,126.07,103.47,110.95,104.25,20.39,82.03,7.1514
2025-01-13,127.31,104.82,109.78,105.27,19.18,83.13,7.1853
2025-01-14,122.69,101.86,113.97,106.26,19.63,83.55,7.1842
2025-01-15,122.6,102.39,108.14,106.93,21.76,82.07,7.1824
2025-01-16,127.14,104.35,108.22,104.46,20.16,85.03,7.1868
2025-01-17,130.3,103.87,108.82,105.85,20.55,83.58,7.1453
2025-01-18,127.04,106.03,105.88,103.87,21.13,84.73,7.181
2025-01-19,125.59,104.34,109.15,103.83,20.87,82.16,7.1993
2025-01-20,126.72,103.7,108.74,102.08,20.61,83.1,7.2032
2025-01-21,124.88,108.11,110.6,102.61,20.79,85.44,7.1757
2025-01-22,131.25,105.63,111.0,101.48,22.42,83.25,7.2352
2025-01-23,132.65,106.1,114.06,101.78,20.42,87.44,7.1839
2025-01-24,125.93,103.86,112.17,105.05,20.59,83.16,7.2318
2025-01-25,126.69,105.15,109.07,101.04,21.22,84.37,7.2201
2025-01-26,127.24,106.08,108.35,107.07,21.19,85.73,7.1951
2025-01-27,126.36,104.1,111.04,102.8,21.18,80.95,7.2574
2025-01-28,126.45,106.27,107.3,101.82,20.64,80.18,7.1849
2025-01-29,134.63,104.66,113.47,99.5,19.11,80.54,7.2393
2025-01-30,128.56,104.96,112.01,101.86,21.21,86.0,7.2429
2025-01-31,125.5,104.29,108.53,99.12,18.85,82.23,7.2025
2025-02-01,125.08,107.75,105.85,99.93,19.87,88.31,7.2554
2025-02-02,128.79,104.71,111.77,103.87,18.87,81.9,7.2157
2025-02-03,126.37,102.87,108.6,98.64,19.25,83.22,7.2303
2025-02-04,126.3,105.4,111.06,100.44,19.4,85.74,7.2307
2025-02-05,130.34,102.03,105.12,96.67,19.21,86.46,7.2218
2025-02-06,131.23,103.84,106.83,97.44,19.11,86.36,7.2464
2025-02-07,124.51,100.24,107.75,100.27,19.87,84.42,7.2467
2025-02-08,121.56,100.82,107.52,95.55,18.75,83.81,7.1839
2025-02-09,127.69,102.74,106.2,99.54,18.0,82.69,7.2609
2025-02-10,125.14,103.16,108.01,97.17,18.77,82.8,7.1872
2025-02-11,127.93,101.91,104.28,94.51,18.76,79.86,7.255
2025-02-12,117.93,101.07,105.77,96.31,16.63,79.04,7.2577
2025-02-13,127.81,100.38,105.93,96.58,17.89,80.37,7.2025
2025-02-14,121.4,98.2,106.34,95.63,17.79,79.73,7.2197
2025-02-15,127.9,98.92,106.35,91.39,16.81,78.85,7.2024
2025-02-16,124.7,98.89,102.29,92.63,17.97,80.82,7.2246
2025-02-17,120.42,100.75,101.07,93.25,16.57,81.01,7.2221
2025-02-18,123.69,99.27,106.3,93.33,16.63,78.94,7.2491
2025-02-19,125.09,95.7,104.01,94.37,16.24,81.37,7.262
2025-02-20,122.36,98.43,101.44,93.4,16.24,75.78,7.2637
2025-02-21,125.89,96.98,105.64,90.52,15.22,77.32,7.2142
2025-02-22,127.2,96.17,102.36,93.48,14.83,75.91,7.2224
2025-02-23,119.1,97.74,104.09,93.79,17.14,73.24,7.1848
2025-02-24,126.42,98.02,101.47,93.63,15.09,76.44,7.2059
2025-02-25,122.66,97.54,105.06,94.52,14.9,75.99,7.2493
2025-02-26,118.45,94.57,104.06,94.05,13.9,78.89,7.2646
2025-02-27,116.6,95.08,99.67,93.39,15.06,76.75,7.1922
2025-02-28,120.36,95.77,101.73,92.47,14.47,73.06,7.2071
2025-03-01,126.6,96.49,100.71,89.67,16.82,78.44,7.22
2025-03-02,121.79,94.09,101.8,93.52,16.31,76.8,7.2263
2025-03-03,123.69,94.33,96.79,93.24,14.96,75.14,7.1976
2025-03-04,117.15,92.78,99.75,93.5,17.33,73.15,7.2269
2025-03-05,121.59,92.5,100.18,90.88,16.35,71.32,7.2029
2025-03-06,115.01,95.4,94.23,91.43,15.36,72.12,7.2127
2025-03-07,118.14,96.13,95.09,95.49,13.69,74.68,7.2249
2025-03-08,122.23,93.92,93.09,93.76,17.61,75.91,7.2096
2025-03-09,117.31,95.51,96.37,95.32,14.76,74.87,7.1966
2025-03-10,111.0,94.55,98.1,94.43,14.66,70.46,7.2028
2025-03-11,121.19,93.07,99.44,94.74,16.92,68.86,7.2013
2025-03-12,121.57,94.63,96.37,96.7,18.18,71.04,7.1922
2025-03-13,122.68,96.49,99.28,94.42,17.48,66.89,7.1928
2025-03-14,121.68,94.24,93.09,95.88,16.98,70.76,7.237
2025-03-15,115.19,96.78,92.29,95.25,17.17,69.5,7.2088
2025-03-16,120.99,90.68,95.45,95.68,17.55,68.56,7.185
2025-03-17,123.21,96.04,96.22,96.31,17.65,66.01,7.2074
2025-03-18,113.86,95.16,95.29,97.67,17.45,69.95,7.1792
2025-03-19,118.22,94.82,91.15,96.82,17.5,67.58,7.2144
2025-03-20,116.48,95.68,95.06,100.37,17.56,66.05,7.1918
2025-03-21,116.69,92.85,92.6,96.92,17.2,62.39,7.1773
2025-03-22,120.66,95.81,96.54,98.63,17.78,67.84,7.1886
2025-03-23,118.11,97.01,95.95,98.6,16.84,71.22,7.1354
2025-03-24,116.69,99.04,93.38,102.43,18.31,70.78,7.1439
2025-03-25,118.46,96.41,94.29,100.61,17.79,66.35,7.1395
2025-03-26,113.98,96.35,93.28,102.54,17.89,65.87,7.1702
2025-03-27,117.23,97.2,95.38,98.43,19.1,67.84,7.2072
2025-03-28,123.24,99.72,97.54,102.0,20.25,64.75,7.2169
2025-03-29,116.04,99.25,93.8,103.52,20.04,67.21,7.1743
2025-03-30,121.78,98.37,96.94,102.46,18.21,68.01,7.1681
2025-03-31,120.94,100.35,95.06,104.62,18.83,68.82,7.1078
2025-04-01,115.78,100.15,94.74,102.14,20.52,66.06,7.1364
2025-04-02,117.72,101.87,96.34,105.96,19.12,65.77,7.1275
2025-04-03,122.14,99.78,94.73,107.9,19.84,64.36,7.1289
2025-04-04,118.18,100.76,95.95,103.43,20.57,64.41,7.1374
2025-04-05,118.69,101.07,94.94,103.58,19.45,65.57,7.1271
2025-04-06,124.03,99.86,101.57,107.28,20.39,66.74,7.0866
2025-04-07,122.87,102.88,98.02,107.76,19.31,67.83,7.1521
2025-04-08,120.75,103.21,96.88,104.22,19.95,64.41,7.1038
2025-04-09,121.52,103.19,99.04,104.61,20.73,69.02,7.1339
2025-04-10,125.59,103.17,98.75,105.05,19.22,65.54,7.1771
2025-04-11,128.61,101.73,98.9,103.3,20.85,66.1,7.0997
2025-04-12,127.01,103.54,100.94,104.21,20.48,64.72,7.0568
2025-04-13,124.39,103.94,101.62,104.17,20.91,61.45,7.1103
2025-04-14,121.03,103.52,99.44,104.68,20.61,68.18,7.1425
2025-04-15,121.44,104.73,99.76,106.06,21.47,68.0,7.1614
2025-04-16,125.37,105.8,100.77,106.57,20.41,66.1,7.0793
2025-04-17,122.74,108.22,97.14,108.94,19.88,66.94,7.12
2025-04-18,128.08,105.82,99.14,104.33,20.23,68.01,7.0936
2025-04-19,127.12,106.09,105.33,107.85,20.46,64.03,7.1003
2025-04-20,121.26,105.71,106.32,105.61,19.94,66.29,7.1669
2025-04-21,127.84,103.03,102.96,105.8,19.8,69.14,7.061
2025-04-22,121.48,105.93,105.05,106.97,19.06,65.26,7.1028
2025-04-23,124.65,106.09,104.95,103.58,18.94,68.58,7.1061
2025-04-24,127.91,109.69,110.92,106.1,18.18,65.53,7.1196
2025-04-25,133.62,105.68,107.43,105.5,20.53,69.43,7.093
2025-04-26,134.1,106.36,105.36,105.85,17.96,68.69,7.0964
2025-04-27,126.14,105.77,104.12,105.23,18.22,65.81,7.0772
2025-04-28,122.53,103.95,103.23,108.85,18.01,71.65,7.092
2025-04-29,129.18,107.28,107.26,102.98,19.11,68.15,7.0751
2025-04-30,128.6,106.52,105.74,102.85,17.96,68.31,7.0977
2025-05-01,125.94,106.38,104.79,102.35,19.0,70.65,7.0715
2025-05-02,131.64,103.61,106.72,102.11,17.27,72.87,7.0888
2025-05-03,127.44,106.83,106.22,101.59,17.83,68.87,7.0774
2025-05-04,128.51,102.36,112.11,104.49,16.75,71.36,7.1051
2025-05-05,130.87,105.05,110.83,104.51,18.94,72.44,7.0745
2025-05-06,129.29,107.14,109.38,100.51,16.09,73.32,7.0305
2025-05-07,131.71,102.04,112.67,99.62,17.11,72.65,7.1055
2025-05-08,126.05,102.33,110.16,101.53,17.2,71.92,7.0505
2025-05-09,126.03,102.97,108.56,99.25,16.86,71.37,7.056
2025-05-10,125.62,101.69,113.59,100.94,16.23,73.56,7.0569
2025-05-11,129.05,99.73,111.86,99.72,16.13,71.62,7.1056
2025-05-12,130.31,101.76,108.93,96.18,16.13,68.3,7.0174
2025-05-13,128.31,99.65,110.83,101.25,15.86,75.39,7.1489
2025-05-14,132.8,101.55,109.64,101.25,16.64,76.7,7.0966
2025-05-15,128.51,99.04,108.79,96.47,17.54,70.54,7.0756
2025-05-16,131.79,102.32,113.55,96.44,15.24,73.63,7.0686
2025-05-17,126.41,98.41,115.64,97.22,14.53,77.26,7.0772
2025-05-18,127.06,98.68,109.13,96.89,15.5,80.51,7.0832
2025-05-19,133.29,99.97,113.13,97.06,17.59,76.81,7.0866
2025-05-20,129.45,96.5,110.76,99.1,14.86,75.68,7.0847
2025-05-21,129.48,98.29,111.12,94.77,16.81,77.13,7.0735
2025-05-22,131.22,99.52,110.93,93.29,16.85,80.61,7.0668
2025-05-23,124.58,94.77,110.38,91.89,15.09,76.92,7.0686
2025-05-24,129.68,97.1,112.17,92.72,16.02,76.96,7.0682
2025-05-25,133.0,96.86,110.36,93.66,16.93,77.94,7.1023
2025-05-26,130.99,97.32,112.49,96.65,15.39,77.33,7.0897
2025-05-27,132.19,93.98,111.75,92.21,15.61,79.81,7.0023
2025-05-28,130.07,93.56,111.26,93.29,15.4,83.14,7.0933
2025-05-29,129.55,96.05,109.79,92.63,15.17,80.85,7.083
2025-05-30,127.34,95.47,110.29,94.59,15.58,80.0,7.0789
2025-05-31,131.61,95.18,112.78,96.82,15.25,80.21,7.071
2025-06-01,132.6,95.13,112.08,91.17,16.4,77.95,7.1103
2025-06-02,131.52,93.42,108.91,91.11,15.91,83.12,7.1074
2025-06-03,129.44,94.64,110.83,93.77,16.88,81.46,7.066
2025-06-04,124.16,94.62,111.88,93.05,15.62,81.5,7.0971
2025-06-05,133.19,93.02,106.77,95.1,17.31,88.49,7.0644
2025-06-06,131.35,96.83,110.92,92.8,17.89,82.93,7.0561
2025-06-07,127.38,94.71,108.21,91.11,15.82,81.04,7.0768
2025-06-08,133.54,92.22,110.36,92.86,17.91,81.89,7.116
2025-06-09,130.25,95.02,107.37,93.86,18.79,85.22,7.1203
2025-06-10,131.87,92.63,104.95,93.43,17.03,83.32,7.1114
2025-06-11,132.63,95.36,104.96,92.98,19.53,80.38,7.1189
2025-06-12,133.88,96.03,107.95,94.13,18.73,85.24,7.1159
2025-06-13,126.47,93.21,108.01,94.49,18.02,82.19,7.0892
2025-06-14,134.39,96.05,105.3,95.06,18.73,87.39,7.1184
2025-06-15,133.21,95.42,108.0,93.96,19.4,85.9,7.13
2025-06-16,129.24,96.26,103.01,92.73,19.2,82.92,7.1313
2025-06-17,132.8,98.12,105.81,93.56,19.74,86.45,7.1447
2025-06-18,123.83,95.17,103.12,95.75,18.73,84.07,7.1352
2025-06-19,132.64,94.7,103.84,92.42,19.76,85.68,7.1288
2025-06-20,127.03,94.81,104.83,94.88,18.64,84.96,7.1494
2025-06-21,126.22,95.25,102.61,93.84,19.81,82.31,7.1246
2025-06-22,125.63,96.7,103.16,94.96,19.3,82.7,7.1059
2025-06-23,134.42,97.69,105.54,97.58,19.54,86.02,7.1266
2025-06-24,129.23,97.97,101.98,96.01,21.22,83.25,7.1147
2025-06-25,136.86,99.19,104.41,96.15,21.18,83.05,7.1192
2025-06-26,128.92,98.37,100.09,94.02,20.86,81.88,7.1353
2025-06-27,125.23,100.93,103.02,98.23,19.56,84.54,7.1218
2025-06-28,128.03,98.77,104.47,98.47,20.22,87.72,7.1367
2025-06-29,131.87,103.66,96.28,101.63,21.46,81.34,7.0999
2025-06-30,129.08,100.94,99.27,97.61,20.61,83.39,7.1553
2025-07-01,129.87,99.13,101.67,98.99,22.35,86.01,7.1528
2025-07-02,129.65,99.23,99.78,99.48,20.78,82.87,7.1352
2025-07-03,130.4,101.97,100.6,102.3,20.58,83.75,7.1748
2025-07-04,131.23,101.32,98.34,99.71,20.13,80.53,7.1846
2025-07-05,133.53,103.12,99.43,100.81,20.42,83.31,7.1237
2025-07-06,126.99,103.15,98.66,101.81,20.11,81.86,7.1476
2025-07-07,125.85,102.71,101.04,101.46,20.7,83.97,7.1501
2025-07-08,127.94,101.91,98.97,100.71,20.79,84.14,7.1486
2025-07-09,128.34,101.25,98.91,102.25,19.27,86.69,7.1955
2025-07-10,122.88,103.19,97.19,104.2,18.7,82.4,7.1725
2025-07-11,123.67,105.45,96.85,100.77,18.15,81.61,7.1734
2025-07-12,128.18,104.78,96.79,103.2,19.88,81.06,7.1324
2025-07-13,126.11,102.86,98.28,102.02,18.42,79.67,7.201
2025-07-14,124.51,105.23,96.52,105.73,17.41,80.75,7.1566
2025-07-15,125.22,105.77,97.83,101.12,19.27,79.16,7.1915
2025-07-16,128.58,104.07,101.31,103.11,20.77,79.77,7.1993
2025-07-17,123.64,105.79,98.83,105.04,18.58,81.73,7.2288
2025-07-18,127.48,105.79,96.38,107.39,19.06,76.75,7.1643
2025-07-19,129.85,104.11,99.41,104.64,18.26,80.69,7.1238
2025-07-20,119.81,106.45,96.19,103.92,17.92,80.7,7.206
2025-07-21,119.79,106.81,92.94,108.45,18.54,77.47,7.2485
2025-07-22,119.57,107.62,95.04,102.57,17.38,73.1,7.2365
2025-07-23,122.44,107.58,93.37,101.3,17.63,75.76,7.2128
2025-07-24,123.84,103.9,96.49,106.11,17.48,79.2,7.1972
2025-07-25,119.46,104.5,97.34,104.45,16.51,76.19,7.2315
2025-07-26,123.94,106.59,100.78,103.51,17.66,73.86,7.1887
2025-07-27,120.76,106.48,98.22,106.6,16.55,74.48,7.2266
2025-07-28,124.08,106.34,97.3,105.71,15.93,76.79,7.229
2025-07-29,126.36,111.17,99.58,104.18,16.81,75.83,7.2443
2025-07-30,119.73,106.05,93.71,102.78,15.51,73.88,7.2883
2025-07-31,124.26,106.68,98.83,106.53,16.12,73.25,7.2304
2025-08-01,122.7,106.16,100.14,105.97,15.97,72.82,7.2092
2025-08-02,122.47,105.44,95.9,104.43,16.74,71.39,7.2224
2025-08-03,129.73,103.7,101.43,107.73,16.15,76.1,7.1799
2025-08-04,129.06,105.0,100.11,102.24,15.67,71.86,7.2078
2025-08-05,121.31,102.37,98.92,101.16,16.28,74.58,7.2159
2025-08-06,128.81,102.82,101.34,102.38,16.68,74.83,7.2138
2025-08-07,129.14,102.09,104.96,103.25,15.98,73.44,7.2314
2025-08-08,121.1,102.56,101.13,103.45,15.52,70.23,7.2077
2025-08-09,127.2,105.52,101.63,102.23,14.45,71.57,7.2568
2025-08-10,127.82,98.85,100.6,102.95,14.66,70.38,7.2292
2025-08-11,121.46,102.28,100.2,99.69,15.29,68.3,7.2293
2025-08-12,121.88,98.42,103.96,104.15,15.08,70.45,7.2216
2025-08-13,127.46,99.71,101.0,101.0,15.47,67.14,7.2338
2025-08-14,126.64,101.63,103.27,102.75,15.74,71.58,7.2506
2025-08-15,127.58,99.68,102.59,100.93,16.2,67.99,7.2083
2025-08-16,127.51,97.55,104.93,100.7,15.81,69.05,7.2134
2025-08-17,128.21,97.68,105.06,100.47,16.37,68.95,7.222
2025-08-18,124.14,99.37,106.9,99.81,16.15,67.62,7.1956
2025-08-19,128.79,96.85,104.24,99.71,14.65,69.07,7.2083
2025-08-20,129.91,97.88,105.16,100.5,15.62,66.72,7.2163
2025-08-21,126.71,97.25,104.17,98.01,16.42,69.2,7.2495
2025-08-22,126.57,95.84,105.67,98.49,15.73,64.57,7.2335
2025-08-23,125.75,99.69,107.74,96.61,17.34,67.33,7.2309
2025-08-24,132.34,97.09,108.93,98.93,18.27,70.78,7.2464
2025-08-25,131.25,92.79,105.99,94.69,18.2,64.75,7.2207
2025-08-26,129.61,95.82,109.98,98.73,17.25,65.25,7.2328
2025-08-27,136.16,94.28,111.36,95.0,18.8,67.5,7.2193
2025-08-28,131.6,96.3,109.87,92.1,17.92,66.72,7.2273
2025-08-29,134.56,93.62,113.19,94.52,17.73,66.96,7.2047
2025-08-30,128.7,94.44,108.27,92.7,17.71,67.16,7.1569
2025-08-31,130.97,95.19,107.69,95.08,18.15,67.38,7.213
2025-09-01,131.24,95.59,106.97,92.06,18.27,68.28,7.2503
2025-09-02,135.21,92.38,113.86,92.11,18.91,66.84,7.2362
2025-09-03,133.93,93.59,112.51,89.22,19.09,65.52,7.2354
2025-09-04,133.71,93.32,111.4,91.53,19.14,67.35,7.2404
2025-09-05,138.95,93.02,112.36,87.73,19.66,69.81,7.2098
2025-09-06,134.42,96.65,109.83,89.01,20.42,65.77,7.2105
2025-09-07,132.41,94.64,117.23,93.02,20.38,64.13,7.1881
2025-09-08,139.45,92.2,112.84,92.89,18.58,68.35,7.1935
2025-09-09,138.3,95.56,113.02,92.09,17.86,65.97,7.2146
2025-09-10,133.65,97.48,114.46,89.45,20.77,61.96,7.2271
2025-09-11,138.42,95.99,114.16,91.01,19.04,68.1,7.1912
2025-09-12,134.63,92.33,113.81,91.01,20.05,65.46,7.1811
2025-09-13,136.67,94.08,111.92,88.89,19.37,66.48,7.19
2025-09-14,136.66,96.93,114.57,93.66,18.94,67.47,7.2026
2025-09-15,137.93,94.21,117.49,92.54,20.86,67.36,7.149
2025-09-16,137.23,96.21,116.5,90.6,21.08,68.57,7.1251
2025-09-17,136.51,96.99,117.05,91.11,20.03,66.47,7.1662
2025-09-18,132.78,94.75,112.88,91.53,18.43,68.57,7.1468
2025-09-19,135.1,96.38,111.93,87.59,20.06,67.25,7.162
2025-09-20,137.21,91.96,113.65,90.97,20.78,69.47,7.1684
2025-09-21,135.11,95.65,113.99,90.35,19.25,69.47,7.158
2025-09-22,140.94,97.18,116.01,89.97,20.52,66.62,7.2029
2025-09-23,140.89,96.08,110.36,91.49,20.3,70.93,7.1721
2025-09-24,136.91,100.79,116.71,95.47,20.69,67.97,7.1686
2025-09-25,137.79,96.61,113.22,93.65,20.23,70.94,7.1739
2025-09-26,138.62,98.5,112.55,91.75,19.24,70.36,7.1271
2025-09-27,138.86,99.78,111.22,94.12,20.86,73.61,7.1788
2025-09-28,135.71,102.16,109.76,95.93,19.64,69.8,7.1481
2025-09-29,139.18,98.26,114.52,95.42,19.6,69.87,7.164
2025-09-30,138.45,102.58,112.81,94.22,18.72,70.86,7.1176
2025-10-01,132.36,101.26,109.85,93.32,18.95,70.63,7.1028
2025-10-02,137.22,100.18,109.59,96.12,18.43,73.19,7.1593
2025-10-03,138.29,102.75,111.24,95.97,18.82,68.71,7.1455
2025-10-04,135.89,102.74,114.97,97.28,20.14,70.19,7.1108
2025-10-05,134.52,101.92,110.82,97.23,17.49,70.52,7.1089
2025-10-06,135.19,103.28,108.02,98.4,17.1,74.92,7.1561
2025-10-07,136.37,102.95,110.21,95.97,19.37,76.81,7.0955
2025-10-08,137.25,104.03,109.82,99.74,17.83,73.56,7.1637
2025-10-09,139.57,105.16,104.62,98.15,17.27,73.8,7.0975
2025-10-10,132.15,106.84,109.55,101.96,18.44,74.65,7.1334
2025-10-11,130.13,102.87,108.83,97.42,16.93,77.21,7.1067
2025-10-12,136.01,108.17,110.3,102.21,18.69,73.41,7.1275
2025-10-13,137.52,102.27,112.23,99.86,17.59,76.12,7.0964
2025-10-14,134.08,105.17,110.39,98.74,16.47,77.97,7.1035
2025-10-15,139.2,106.45,107.2,99.45,18.42,77.4,7.1063
2025-10-16,128.06,106.13,105.13,100.14,16.05,77.14,7.0779
2025-10-17,137.12,104.89,112.09,101.86,16.97,79.13,7.1193
2025-10-18,129.88,105.6,106.66,102.41,16.47,72.09,7.0857
2025-10-19,138.44,105.23,106.16,100.79,17.14,79.21,7.0908
2025-10-20,138.57,105.11,105.68,102.12,17.23,76.9,7.0696
2025-10-21,128.39,107.27,105.73,106.34,15.89,74.9,7.0284
2025-10-22,128.4,106.5,104.64,105.89,15.17,79.93,7.0858
2025-10-23,133.09,104.87,103.39,103.85,16.06,81.99,7.149
2025-10-24,128.9,107.17,103.05,103.39,15.08,79.29,7.1066
2025-10-25,131.94,106.17,103.7,103.77,17.18,81.8,7.0848
2025-10-26,130.45,106.78,102.3,104.88,15.64,83.43,7.0771
2025-10-27,124.73,106.34,101.6,102.12,15.22,83.13,7.0827
2025-10-28,130.55,103.95,102.88,103.66,15.65,84.08,7.0944
2025-10-29,127.99,104.13,101.81,101.26,14.43,82.57,7.0498
2025-10-30,128.91,105.85,104.99,105.09,14.75,81.5,7.106
2025-10-31,131.91,105.37,96.36,105.62,16.53,78.41,7.0948
2025-11-01,126.54,104.14,103.53,103.65,15.1,81.37,7.0938
2025-11-02,131.39,104.03,103.55,107.38,14.85,80.42,7.0858
2025-11-03,128.8,105.44,96.63,102.35,16.2,86.67,7.0744
2025-11-04,129.66,102.29,99.82,101.89,16.82,82.19,7.0899
2025-11-05,132.0,103.64,99.52,104.88,16.55,82.99,7.0872
2025-11-06,129.56,102.14,97.22,106.28,16.9,84.03,7.0629
2025-11-07,129.33,101.73,98.26,107.32,15.63,83.18,7.0569
2025-11-08,131.69,103.3,97.4,103.33,15.24,86.64,7.0733
2025-11-09,130.39,102.49,102.95,105.94,17.73,82.15,7.1092
2025-11-10,129.02,102.06,101.17,103.74,16.44,83.91,7.0392
2025-11-11,128.03,102.38,101.71,103.29,16.66,82.15,7.0334
2025-11-12,128.21,100.03,100.49,104.96,18.11,81.1,7.0741
2025-11-13,138.14,100.6,96.7,104.28,17.67,82.6,7.0713
2025-11-14,134.74,98.7,97.84,99.99,17.78,83.81,7.0745
2025-11-15,127.41,99.24,99.81,105.19,19.34,83.08,7.0765
2025-11-16,124.52,98.15,96.36,104.69,17.29,82.59,7.0652
2025-11-17,133.47,98.09,100.23,100.74,18.74,81.18,7.1085
2025-11-18,132.85,98.45,98.34,102.22,18.24,83.83,7.0317
2025-11-19,132.28,95.96,98.11,102.03,18.61,80.98,7.0517
2025-11-20,133.07,99.96,100.34,101.22,19.81,85.48,7.0705
2025-11-21,132.61,94.96,99.89,99.36,19.18,84.08,7.0328
2025-11-22,133.05,94.32,98.38,98.73,19.39,80.95,7.0704
2025-11-23,134.47,97.57,101.54,99.47,19.99,83.17,7.1174
2025-11-24,124.47,96.73,97.21,101.19,19.01,82.19,7.0774
2025-11-25,132.41,96.21,100.77,99.62,18.8,84.23,7.0839
2025-11-26,131.63,95.97,100.91,97.54,18.79,86.15,7.0479
2025-11-27,132.08,94.79,99.31,99.15,18.19,79.59,7.0653
2025-11-28,145.95,93.26,100.81,92.18,21.55,83.42,7.0728
2025-11-29,133.19,94.55,97.9,98.93,19.14,82.71,7.0757
2025-11-30,135.19,93.28,102.51,93.28,19.95,84.19,7.1173
2025-12-01,137.87,95.64,100.57,95.32,20.01,83.08,7.1009
2025-12-02,137.04,93.87,100.19,93.52,20.56,80.95,7.0609
2025-12-03,138.65,92.79,103.65,92.78,21.03,81.6,7.0967
2025-12-04,136.71,93.52,100.47,96.78,21.12,80.41,7.1049
2025-12-05,141.31,94.62,99.4,93.43,20.0,83.91,7.1229
2025-12-06,131.18,93.19,99.46,94.5,20.36,81.55,7.136
2025-12-07,139.28,92.86,104.15,93.41,20.73,85.04,7.0732
2025-12-08,132.92,94.54,100.76,93.98,20.29,80.84,7.0805
2025-12-09,141.41,94.66,107.21,92.91,21.76,79.26,7.0715
2025-12-10,133.58,93.68,99.94,90.12,20.82,77.35,7.0994
2025-12-11,137.26,93.9,107.9,93.91,20.97,76.46,7.1193
2025-12-12,137.53,95.15,105.34,90.93,20.84,76.59,7.1347
2025-12-13,142.35,92.85,105.15,88.74,21.17,79.97,7.1105
2025-12-14,140.9,93.16,104.68,90.52,20.28,80.12,7.1069
2025-12-15,133.07,94.46,106.99,93.76,18.99,75.6,7.1213
2025-12-16,138.99,95.51,106.55,92.39,20.22,80.2,7.0992
2025-12-17,137.27,96.61,109.27,90.05,19.25,77.1,7.1749
2025-12-18,135.91,98.69,107.72,89.89,19.2,78.0,7.0851
2025-12-19,139.84,98.11,108.23,89.81,19.94,80.57,7.1326
2025-12-20,137.71,96.94,107.63,94.03,20.3,78.77,7.1812
2025-12-21,146.47,97.53,108.67,90.91,19.15,76.07,7.1335
2025-12-22,140.68,96.44,109.83,90.95,19.2,74.45,7.1314
2025-12-23,134.1,98.32,106.21,92.01,20.13,71.56,7.1299
2025-12-24,136.72,98.32,107.35,90.59,18.78,74.05,7.1371
2025-12-25,145.06,99.65,111.94,89.73,20.47,74.69,7.1787
2025-12-26,146.55,98.34,111.19,89.91,18.65,72.76,7.0919
2025-12-27,133.86,100.78,110.87,90.22,16.59,74.09,7.1883
2025-12-28,135.32,102.72,111.65,90.4,18.41,74.13,7.1172
2025-12-29,145.61,100.67,112.67,91.92,17.91,73.16,7.1489
2025-12-30,141.36,101.85,111.25,90.87,18.45,71.94,7.1476
2025-12-31,136.78,102.69,111.11,92.29,17.77,73.2,7.1758
